{
  "errno": 0,
  "errmsg": "ok",
  "data": {
    "title": "我国大数据市场产值图",
    "chartData": {
      "w": 1200,
      "h": 800,
      "bgcolor": "#eeeeee",
      "bgimage": "",
      "bgimagesize": "cover",
      "elements": [
        {
          "name": "keykey1",
          "x": 10,
          "y": 100,
          "w": 492,
          "h": 308,
          "bgcolor": "rgba(19, 206, 102, 0.8)",
          "active": false,
          "data": {
            "type": "chart",
            "settings": {
              "type": "line"
            },
            "data": {
              "columns": ["日期", "访问用户"],
              "rows": [
                { "日期": "1月1日", "访问用户": 1523 },
                { "日期": "1月2日", "访问用户": 1223 },
                { "日期": "1月3日", "访问用户": 2123 },
                { "日期": "1月4日", "访问用户": 4123 },
                { "日期": "1月5日", "访问用户": 3123 },
                { "日期": "1月6日", "访问用户": 7123 }
              ]
            }
          }
        }, {
          "name": "keykey2",
          "x": 300,
          "y": 320,
          "w": 400,
          "h": 160,
          "bgcolor": "rgba(0, 206, 255, 0.3)",
          "active": false,
          "data": {
            "type": "chart",
            "settings": {
              "type": "histogram"
            },
            "data": {
              "columns": ["日期", "访问用户"],
              "rows": [
                { "日期": "1月1日", "访问用户": 1523 },
                { "日期": "1月2日", "访问用户": 1223 },
                { "日期": "1月3日", "访问用户": 2123 }
              ]
            }
          }
        }
      ]
    }
  }
}
